ProductID,PeriodDate,AdhocFlag,LineofBusinessCode,SortOrder,Category,Description,Value,BenchmarkValue
"USTR10001","2020-12-31","N","USTR",1,"USTR Account Profile","Yield to Worst (%)","1.6924767025304859",
"USTR10001","2020-12-31","N","USTR",1,"USTR Account Profile","Market Value","11.121546898453065",
"USTR10002","2020-12-31","N","USTR",1,"USTR Account Profile","Yield to Worst (%)","1.670128411621358",
"USTR10002","2020-12-31","N","USTR",1,"USTR Account Profile","Market Value","11.03896364693236",
"USTR10004","2020-12-31","N","USTR",1,"USTR Account Profile","Yield to Worst (%)","1.8477388891324877",
"USTR10004","2020-12-31","N","USTR",1,"USTR Account Profile","Market Value","12.473573031986302",
"USTR10006","2020-12-31","N","USTR",1,"USTR Account Profile","Yield to Worst (%)","1.509546581537639",
"USTR10006","2020-12-31","N","USTR",1,"USTR Account Profile","Market Value","9.387233531891948",
"USTR100960","2020-12-31","N","USTR",1,"USTR Account Profile","Yield to Worst (%)","5.124893110736508",
"USTR100960","2020-12-31","N","USTR",1,"USTR Account Profile","Market Value","4.773838786323614",
"USTR101200","2020-12-31","N","USTR",1,"USTR Account Profile","Yield to Worst (%)","1.7898070111227005",
"USTR101200","2020-12-31","N","USTR",1,"USTR Account Profile","Market Value","16.749043326450575",
"USTR1055","2020-12-31","N","USTR",1,"USTR Account Profile","Yield to Worst (%)","1.5497241248306632",
"USTR1055","2020-12-31","N","USTR",1,"USTR Account Profile","Market Value","7.7283047016777955",
"USTR107449","2020-12-31","N","USTR",1,"USTR Account Profile","Yield to Worst (%)","1.1693594182173908",
"USTR107449","2020-12-31","N","USTR",1,"USTR Account Profile","Market Value","4.429134194400986",
"USTR109433","2020-12-31","N","USTR",1,"USTR Account Profile","Yield to Worst (%)","4.897437678184491",
"USTR109433","2020-12-31","N","USTR",1,"USTR Account Profile","Market Value","4.707711118806693",
"USTR109553","2020-12-31","N","USTR",1,"USTR Account Profile","Yield to Worst (%)","1.5303345168700484",
"USTR109553","2020-12-31","N","USTR",1,"USTR Account Profile","Market Value","18.81308782088371",
"USTR109670","2020-12-31","N","USTR",1,"USTR Account Profile","Yield to Worst (%)","1.8193345910320042",
"USTR109670","2020-12-31","N","USTR",1,"USTR Account Profile","Market Value","6.659523594711847",
"USTR11000","2020-12-31","N","USTR",1,"USTR Account Profile","Yield to Worst (%)","2.0716888967412377",
"USTR11000","2020-12-31","N","USTR",1,"USTR Account Profile","Market Value","6.864978444619092",
"USTR111505","2020-12-31","N","USTR",1,"USTR Account Profile","Yield to Worst (%)","1.7463842605574489",
"USTR111505","2020-12-31","N","USTR",1,"USTR Account Profile","Market Value","6.75113566265248",
"USTR111970","2020-12-31","N","USTR",1,"USTR Account Profile","Yield to Worst (%)","1.816373922836982",
"USTR111970","2020-12-31","N","USTR",1,"USTR Account Profile","Market Value","14.535522319075088",
"USTR113705","2020-12-31","N","USTR",1,"USTR Account Profile","Yield to Worst (%)","1.7635094746241888",
"USTR113705","2020-12-31","N","USTR",1,"USTR Account Profile","Market Value","13.787863113230069",
"USTR114638","2020-12-31","N","USTR",1,"USTR Account Profile","Yield to Worst (%)","0.9013802011418516",
"USTR114638","2020-12-31","N","USTR",1,"USTR Account Profile","Market Value","5.953485866978363",
"USTR117075","2020-12-31","N","USTR",1,"USTR Account Profile","Yield to Worst (%)","2.076042671142402",
"USTR117075","2020-12-31","N","USTR",1,"USTR Account Profile","Market Value","7.228923082950129",
"USTR117383","2020-12-31","N","USTR",1,"USTR Account Profile","Yield to Worst (%)","1.6917158463196234",
"USTR117383","2020-12-31","N","USTR",1,"USTR Account Profile","Market Value","6.7094824025231175",
"USTR118454","2020-12-31","N","USTR",1,"USTR Account Profile","Yield to Worst (%)","1.681876788125782",
"USTR118454","2020-12-31","N","USTR",1,"USTR Account Profile","Market Value","11.504380556370476",
"USTR118704","2020-12-31","N","USTR",1,"USTR Account Profile","Yield to Worst (%)","2.5392204597238583",
"USTR118704","2020-12-31","N","USTR",1,"USTR Account Profile","Market Value","2.321156514888362",
"USTR119230","2020-12-31","N","USTR",1,"USTR Account Profile","Yield to Worst (%)","1.759828073902009",
"USTR119230","2020-12-31","N","USTR",1,"USTR Account Profile","Market Value","12.764033675224297",
"USTR124648","2020-12-31","N","USTR",1,"USTR Account Profile","Yield to Worst (%)","1.3014236401175217",
"USTR124648","2020-12-31","N","USTR",1,"USTR Account Profile","Market Value","7.179491641167692",
"USTR125580","2020-12-31","N","USTR",1,"USTR Account Profile","Yield to Worst (%)","1.7126021712296038",
"USTR125580","2020-12-31","N","USTR",1,"USTR Account Profile","Market Value","13.969677091100644",
"USTR125587","2020-12-31","N","USTR",1,"USTR Account Profile","Yield to Worst (%)","1.700433961687803",
"USTR125587","2020-12-31","N","USTR",1,"USTR Account Profile","Market Value","11.104167212206274",
"USTR126261","2020-12-31","N","USTR",1,"USTR Account Profile","Yield to Worst (%)","1.4921885669854542",
"USTR126261","2020-12-31","N","USTR",1,"USTR Account Profile","Market Value","9.893761030405845",
"USTR126950","2020-12-31","N","USTR",1,"USTR Account Profile","Yield to Worst (%)","1.6611280337482917",
"USTR126950","2020-12-31","N","USTR",1,"USTR Account Profile","Market Value","11.071580023214352",
"USTR126967","2020-12-31","N","USTR",1,"USTR Account Profile","Yield to Worst (%)","2.3397483187769272",
"USTR126967","2020-12-31","N","USTR",1,"USTR Account Profile","Market Value","2.200392835469766",
"USTR127450","2020-12-31","N","USTR",1,"USTR Account Profile","Yield to Worst (%)","2.59822711235868",
"USTR127450","2020-12-31","N","USTR",1,"USTR Account Profile","Market Value","2.1589841768692732",
"USTR1294","2020-12-31","N","USTR",1,"USTR Account Profile","Yield to Worst (%)","1.2676350290085328",
"USTR1294","2020-12-31","N","USTR",1,"USTR Account Profile","Market Value","7.986014609101938",
"USTR129577","2020-12-31","N","USTR",1,"USTR Account Profile","Yield to Worst (%)","1.7250311136993395",
"USTR129577","2020-12-31","N","USTR",1,"USTR Account Profile","Market Value","11.370006019751829",
"USTR130625","2020-12-31","N","USTR",1,"USTR Account Profile","Yield to Worst (%)","1.7181785746548706",
"USTR130625","2020-12-31","N","USTR",1,"USTR Account Profile","Market Value","13.90680071807245",
"USTR132672","2020-12-31","N","USTR",1,"USTR Account Profile","Yield to Worst (%)","1.7621045485571356",
"USTR132672","2020-12-31","N","USTR",1,"USTR Account Profile","Market Value","6.709211782916368",
"USTR132835","2020-12-31","N","USTR",1,"USTR Account Profile","Yield to Worst (%)","1.5877684257176794",
"USTR132835","2020-12-31","N","USTR",1,"USTR Account Profile","Market Value","7.983326240965779",
"USTR134322","2020-12-31","N","USTR",1,"USTR Account Profile","Yield to Worst (%)","3.9078757826980177",
"USTR134322","2020-12-31","N","USTR",1,"USTR Account Profile","Market Value","4.292115709326674",
"USTR137996","2020-12-31","N","USTR",1,"USTR Account Profile","Yield to Worst (%)","1.7461656739013525",
"USTR137996","2020-12-31","N","USTR",1,"USTR Account Profile","Market Value","12.934238281034544",
"USTR138014","2020-12-31","N","USTR",1,"USTR Account Profile","Yield to Worst (%)","1.5530317067360113",
"USTR138014","2020-12-31","N","USTR",1,"USTR Account Profile","Market Value","6.549203705981177",
"USTR140702","2020-12-31","N","USTR",1,"USTR Account Profile","Yield to Worst (%)","1.5743077331719157",
"USTR140702","2020-12-31","N","USTR",1,"USTR Account Profile","Market Value","11.57858977262938",
"USTR140989","2020-12-31","N","USTR",1,"USTR Account Profile","Yield to Worst (%)","1.5975993712727212",
"USTR140989","2020-12-31","N","USTR",1,"USTR Account Profile","Market Value","8.434507852639964",
"USTR1410","2020-12-31","N","USTR",1,"USTR Account Profile","Yield to Worst (%)","0.9602539704142088",
"USTR1410","2020-12-31","N","USTR",1,"USTR Account Profile","Market Value","4.466173241634357",
"USTR141082","2020-12-31","N","USTR",1,"USTR Account Profile","Yield to Worst (%)","1.7636956538340625",
"USTR141082","2020-12-31","N","USTR",1,"USTR Account Profile","Market Value","12.000842937058309",
"USTR141116","2020-12-31","N","USTR",1,"USTR Account Profile","Yield to Worst (%)","1.7156988408741949",
"USTR141116","2020-12-31","N","USTR",1,"USTR Account Profile","Market Value","13.04103670423693",
"USTR142736","2020-12-31","N","USTR",1,"USTR Account Profile","Yield to Worst (%)","2.852273995470295",
"USTR142736","2020-12-31","N","USTR",1,"USTR Account Profile","Market Value","2.2520531713647634",
"USTR144831","2020-12-31","N","USTR",1,"USTR Account Profile","Yield to Worst (%)","2.765981087824658",
"USTR144831","2020-12-31","N","USTR",1,"USTR Account Profile","Market Value","15.459021521646616",
"USTR145021","2020-12-31","N","USTR",1,"USTR Account Profile","Yield to Worst (%)","1.1470379530974886",
"USTR145021","2020-12-31","N","USTR",1,"USTR Account Profile","Market Value","6.0418760292212905",
"USTR146479","2020-12-31","N","USTR",1,"USTR Account Profile","Yield to Worst (%)","1.666179732827113",
"USTR146479","2020-12-31","N","USTR",1,"USTR Account Profile","Market Value","10.772070690707814",
"USTR151582","2020-12-31","N","USTR",1,"USTR Account Profile","Yield to Worst (%)","0.7297732203386126",
"USTR151582","2020-12-31","N","USTR",1,"USTR Account Profile","Market Value","4.366113686779785",
"USTR153960","2020-12-31","N","USTR",1,"USTR Account Profile","Yield to Worst (%)","1.7701158420486456",
"USTR153960","2020-12-31","N","USTR",1,"USTR Account Profile","Market Value","13.140027602615863",
"USTR153969","2020-12-31","N","USTR",1,"USTR Account Profile","Yield to Worst (%)","5.373446142468088",
"USTR153969","2020-12-31","N","USTR",1,"USTR Account Profile","Market Value","4.692043586137435",
"USTR1549","2020-12-31","N","USTR",1,"USTR Account Profile","Yield to Worst (%)","1.5937302539580906",
"USTR1549","2020-12-31","N","USTR",1,"USTR Account Profile","Market Value","9.98050637426198",
"USTR156068","2020-12-31","N","USTR",1,"USTR Account Profile","Yield to Worst (%)","1.7535088683348243",
"USTR156068","2020-12-31","N","USTR",1,"USTR Account Profile","Market Value","12.299796255404761",
"USTR157992","2020-12-31","N","USTR",1,"USTR Account Profile","Yield to Worst (%)","2.2208866738417887",
"USTR157992","2020-12-31","N","USTR",1,"USTR Account Profile","Market Value","2.0052474027220004",
"USTR158692","2020-12-31","N","USTR",1,"USTR Account Profile","Yield to Worst (%)","2.0089099895531275",
"USTR158692","2020-12-31","N","USTR",1,"USTR Account Profile","Market Value","6.7608801400457414",
"USTR1590","2020-12-31","N","USTR",1,"USTR Account Profile","Yield to Worst (%)","1.592213695503432",
"USTR1590","2020-12-31","N","USTR",1,"USTR Account Profile","Market Value","11.138537682649297",
"USTR160933","2020-12-31","N","USTR",1,"USTR Account Profile","Yield to Worst (%)","1.04002698166",
"USTR160933","2020-12-31","N","USTR",1,"USTR Account Profile","Market Value","2.63952819792",
"USTR163754","2020-12-31","N","USTR",1,"USTR Account Profile","Yield to Worst (%)","1.6506938109628653",
"USTR163754","2020-12-31","N","USTR",1,"USTR Account Profile","Market Value","24.291436568205985",
"USTR164442","2020-12-31","N","USTR",1,"USTR Account Profile","Yield to Worst (%)","1.5584689497481927",
"USTR164442","2020-12-31","N","USTR",1,"USTR Account Profile","Market Value","9.066358083605023",
"USTR164848","2020-12-31","N","USTR",1,"USTR Account Profile","Yield to Worst (%)","1.6006664050191217",
"USTR164848","2020-12-31","N","USTR",1,"USTR Account Profile","Market Value","12.226800849557836",
"USTR165267","2020-12-31","N","USTR",1,"USTR Account Profile","Yield to Worst (%)","1.6155612151543768",
"USTR165267","2020-12-31","N","USTR",1,"USTR Account Profile","Market Value","10.271763939186568",
"USTR165304","2020-12-31","N","USTR",1,"USTR Account Profile","Yield to Worst (%)","1.4829799967725894",
"USTR165304","2020-12-31","N","USTR",1,"USTR Account Profile","Market Value","10.445176763193247",
"USTR165715","2020-12-31","N","USTR",1,"USTR Account Profile","Yield to Worst (%)","2.001204061613276",
"USTR165715","2020-12-31","N","USTR",1,"USTR Account Profile","Market Value","1.9425446684313254",
"USTR167836","2020-12-31","N","USTR",1,"USTR Account Profile","Yield to Worst (%)","1.6946526629427665",
"USTR167836","2020-12-31","N","USTR",1,"USTR Account Profile","Market Value","11.969416635129683",
"USTR168325","2020-12-31","N","USTR",1,"USTR Account Profile","Yield to Worst (%)","1.38022548049",
"USTR168325","2020-12-31","N","USTR",1,"USTR Account Profile","Market Value","0.54136287435",
"USTR170000","2020-12-31","N","USTR",1,"USTR Account Profile","Yield to Worst (%)","1.6993922565873116",
"USTR170000","2020-12-31","N","USTR",1,"USTR Account Profile","Market Value","13.008181227774378",
"USTR170539","2020-12-31","N","USTR",1,"USTR Account Profile","Yield to Worst (%)","1.6038776404106665",
"USTR170539","2020-12-31","N","USTR",1,"USTR Account Profile","Market Value","11.57643426530405",
"USTR1708","2020-12-31","N","USTR",1,"USTR Account Profile","Yield to Worst (%)","1.04002698166",
"USTR1708","2020-12-31","N","USTR",1,"USTR Account Profile","Market Value","2.63952819792",
"USTR170869","2020-12-31","N","USTR",1,"USTR Account Profile","Yield to Worst (%)","1.5235182750743619",
"USTR170869","2020-12-31","N","USTR",1,"USTR Account Profile","Market Value","18.64667670345291",
"USTR1709","2020-12-31","N","USTR",1,"USTR Account Profile","Yield to Worst (%)","1.6284829004286485",
"USTR1709","2020-12-31","N","USTR",1,"USTR Account Profile","Market Value","9.127028595395203",
"USTR1710","2020-12-31","N","USTR",1,"USTR Account Profile","Yield to Worst (%)","1.6886375651711043",
"USTR1710","2020-12-31","N","USTR",1,"USTR Account Profile","Market Value","10.84724058020148",
"USTR1717","2020-12-31","N","USTR",1,"USTR Account Profile","Yield to Worst (%)","1.6481448419249747",
"USTR1717","2020-12-31","N","USTR",1,"USTR Account Profile","Market Value","11.451946759982349",
"USTR1728","2020-12-31","N","USTR",1,"USTR Account Profile","Yield to Worst (%)","1.135475980098668",
"USTR1728","2020-12-31","N","USTR",1,"USTR Account Profile","Market Value","6.875937683158803",
"USTR175835","2020-12-31","N","USTR",1,"USTR Account Profile","Yield to Worst (%)","2.4020666267479913",
"USTR175835","2020-12-31","N","USTR",1,"USTR Account Profile","Market Value","2.10372753911992",
"USTR175895","2020-12-31","N","USTR",1,"USTR Account Profile","Yield to Worst (%)","-0.43682097762118255",
"USTR175895","2020-12-31","N","USTR",1,"USTR Account Profile","Market Value","21.881970526398774",
"USTR176020","2020-12-31","N","USTR",1,"USTR Account Profile","Yield to Worst (%)","1.5797253934593514",
"USTR176020","2020-12-31","N","USTR",1,"USTR Account Profile","Market Value","6.5974036144579",
"USTR177901","2020-12-31","N","USTR",1,"USTR Account Profile","Yield to Worst (%)","1.6714457904620963",
"USTR177901","2020-12-31","N","USTR",1,"USTR Account Profile","Market Value","10.543328924960926",
"USTR183226","2020-12-31","N","USTR",1,"USTR Account Profile","Yield to Worst (%)","1.514375944775603",
"USTR183226","2020-12-31","N","USTR",1,"USTR Account Profile","Market Value","18.583480186784435",
"USTR185833","2020-12-31","N","USTR",1,"USTR Account Profile","Yield to Worst (%)","1.8551903849369937",
"USTR185833","2020-12-31","N","USTR",1,"USTR Account Profile","Market Value","7.189578398826226",
"USTR186734","2020-12-31","N","USTR",1,"USTR Account Profile","Yield to Worst (%)","1.8552891778888014",
"USTR186734","2020-12-31","N","USTR",1,"USTR Account Profile","Market Value","16.567119848776038",
"USTR189043","2020-12-31","N","USTR",1,"USTR Account Profile","Yield to Worst (%)","0.16528996459193324",
"USTR189043","2020-12-31","N","USTR",1,"USTR Account Profile","Market Value","2.2489486328369006",
"USTR191654","2020-12-31","N","USTR",1,"USTR Account Profile","Yield to Worst (%)","2.3558936372058907",
"USTR191654","2020-12-31","N","USTR",1,"USTR Account Profile","Market Value","1.361148480107588",
"USTR193244","2020-12-31","N","USTR",1,"USTR Account Profile","Yield to Worst (%)","1.1593557977337972",
"USTR193244","2020-12-31","N","USTR",1,"USTR Account Profile","Market Value","4.6208517237724305",
"USTR194767","2020-12-31","N","USTR",1,"USTR Account Profile","Yield to Worst (%)","2.059681872513356",
"USTR194767","2020-12-31","N","USTR",1,"USTR Account Profile","Market Value","7.188681458057668",
"USTR194857","2020-12-31","N","USTR",1,"USTR Account Profile","Yield to Worst (%)","1.7219916770559847",
"USTR194857","2020-12-31","N","USTR",1,"USTR Account Profile","Market Value","12.247324958483766",
"USTR194888","2020-12-31","N","USTR",1,"USTR Account Profile","Yield to Worst (%)","2.3385623834735383",
"USTR194888","2020-12-31","N","USTR",1,"USTR Account Profile","Market Value","6.746749596484487",
"USTR196107","2020-12-31","N","USTR",1,"USTR Account Profile","Yield to Worst (%)","0.17900328194105541",
"USTR196107","2020-12-31","N","USTR",1,"USTR Account Profile","Market Value","2.1005477736206317",
"USTR196617","2020-12-31","N","USTR",1,"USTR Account Profile","Yield to Worst (%)","1.8608272048586172",
"USTR196617","2020-12-31","N","USTR",1,"USTR Account Profile","Market Value","16.41311915109376",
"USTR197083","2020-12-31","N","USTR",1,"USTR Account Profile","Yield to Worst (%)","1.6906206182947106",
"USTR197083","2020-12-31","N","USTR",1,"USTR Account Profile","Market Value","12.848223685123887",
"USTR197597","2020-12-31","N","USTR",1,"USTR Account Profile","Yield to Worst (%)","2.3687545311703118",
"USTR197597","2020-12-31","N","USTR",1,"USTR Account Profile","Market Value","2.0821462158703383",
"USTR199595","2020-12-31","N","USTR",1,"USTR Account Profile","Yield to Worst (%)","1.4442393065756451",
"USTR199595","2020-12-31","N","USTR",1,"USTR Account Profile","Market Value","9.693827442397668",
"USTR20","2020-12-31","N","USTR",1,"USTR Account Profile","Yield to Worst (%)","1.1321735240361959",
"USTR20","2020-12-31","N","USTR",1,"USTR Account Profile","Market Value","5.680187220141874",
"USTR205","2020-12-31","N","USTR",1,"USTR Account Profile","Yield to Worst (%)","-1.3430668505096017",
"USTR205","2020-12-31","N","USTR",1,"USTR Account Profile","Market Value","8.100237081577154",
"USTR2139","2020-12-31","N","USTR",1,"USTR Account Profile","Yield to Worst (%)","1.04002698166",
"USTR2139","2020-12-31","N","USTR",1,"USTR Account Profile","Market Value","2.63952819792",
"USTR2152","2020-12-31","N","USTR",1,"USTR Account Profile","Yield to Worst (%)","0.21198405291262554",
"USTR2152","2020-12-31","N","USTR",1,"USTR Account Profile","Market Value","1.801674072721354",
"USTR2179","2020-12-31","N","USTR",1,"USTR Account Profile","Yield to Worst (%)","1.118717933357119",
"USTR2179","2020-12-31","N","USTR",1,"USTR Account Profile","Market Value","5.2803497284668905",
"USTR2181","2020-12-31","N","USTR",1,"USTR Account Profile","Yield to Worst (%)","1.123116786923523",
"USTR2181","2020-12-31","N","USTR",1,"USTR Account Profile","Market Value","4.393500379457555",
"USTR2243","2020-12-31","N","USTR",1,"USTR Account Profile","Yield to Worst (%)","1.3575021228023127",
"USTR2243","2020-12-31","N","USTR",1,"USTR Account Profile","Market Value","8.145942467505504",
"USTR2245","2020-12-31","N","USTR",1,"USTR Account Profile","Yield to Worst (%)","1.4509397880247943",
"USTR2245","2020-12-31","N","USTR",1,"USTR Account Profile","Market Value","8.226972495127603",
"USTR2249","2020-12-31","N","USTR",1,"USTR Account Profile","Yield to Worst (%)","1.5595634427940512",
"USTR2249","2020-12-31","N","USTR",1,"USTR Account Profile","Market Value","10.17934201083444",
"USTR2309","2020-12-31","N","USTR",1,"USTR Account Profile","Yield to Worst (%)","1.438334150376705",
"USTR2309","2020-12-31","N","USTR",1,"USTR Account Profile","Market Value","7.390033427950669",
"USTR2393","2020-12-31","N","USTR",1,"USTR Account Profile","Yield to Worst (%)","0.8103194380217619",
"USTR2393","2020-12-31","N","USTR",1,"USTR Account Profile","Market Value","6.296597000680824",
"USTR2517","2020-12-31","N","USTR",1,"USTR Account Profile","Yield to Worst (%)","0.26001668575",
"USTR2517","2020-12-31","N","USTR",1,"USTR Account Profile","Market Value","1.4292541115",
"USTR2543","2020-12-31","N","USTR",1,"USTR Account Profile","Yield to Worst (%)","1.5638878516193713",
"USTR2543","2020-12-31","N","USTR",1,"USTR Account Profile","Market Value","8.957820576926887",
"USTR2628","2020-12-31","N","USTR",1,"USTR Account Profile","Yield to Worst (%)","1.4619512504465924",
"USTR2628","2020-12-31","N","USTR",1,"USTR Account Profile","Market Value","7.268310906153778",
"USTR2693","2020-12-31","N","USTR",1,"USTR Account Profile","Yield to Worst (%)","1.6330359682886313",
"USTR2693","2020-12-31","N","USTR",1,"USTR Account Profile","Market Value","10.541606774377305",
"USTR2764","2020-12-31","N","USTR",1,"USTR Account Profile","Yield to Worst (%)","3.1146453881538374",
"USTR2764","2020-12-31","N","USTR",1,"USTR Account Profile","Market Value","2.3894161568480956",
"USTR2767","2020-12-31","N","USTR",1,"USTR Account Profile","Yield to Worst (%)","2.782591790508146",
"USTR2767","2020-12-31","N","USTR",1,"USTR Account Profile","Market Value","15.367510500480769",
"USTR2855","2020-12-31","N","USTR",1,"USTR Account Profile","Yield to Worst (%)","5.364619117938065",
"USTR2855","2020-12-31","N","USTR",1,"USTR Account Profile","Market Value","4.74682991493651",
"USTR2861","2020-12-31","N","USTR",1,"USTR Account Profile","Yield to Worst (%)","1.7872330205847722",
"USTR2861","2020-12-31","N","USTR",1,"USTR Account Profile","Market Value","13.672593897110477",
"USTR2892","2020-12-31","N","USTR",1,"USTR Account Profile","Yield to Worst (%)","2.804082554335114",
"USTR2892","2020-12-31","N","USTR",1,"USTR Account Profile","Market Value","15.381438139646487",
"USTR2911","2020-12-31","N","USTR",1,"USTR Account Profile","Yield to Worst (%)","1.51780925155525",
"USTR2911","2020-12-31","N","USTR",1,"USTR Account Profile","Market Value","18.44711392010677",
"USTR2922","2020-12-31","N","USTR",1,"USTR Account Profile","Yield to Worst (%)","1.5327826231928847",
"USTR2922","2020-12-31","N","USTR",1,"USTR Account Profile","Market Value","18.657781526820038",
"USTR2995","2020-12-31","N","USTR",1,"USTR Account Profile","Yield to Worst (%)","2.795709000957704",
"USTR2995","2020-12-31","N","USTR",1,"USTR Account Profile","Market Value","15.306831048181971",
"USTR3010","2020-12-31","N","USTR",1,"USTR Account Profile","Yield to Worst (%)","0.42561204106237216",
"USTR3010","2020-12-31","N","USTR",1,"USTR Account Profile","Market Value","1.7624787149687393",
"USTR303","2020-12-31","N","USTR",1,"USTR Account Profile","Yield to Worst (%)","1.418299728992132",
"USTR303","2020-12-31","N","USTR",1,"USTR Account Profile","Market Value","6.791155330083408",
"USTR3083","2020-12-31","N","USTR",1,"USTR Account Profile","Yield to Worst (%)","1.2717808233364134",
"USTR3083","2020-12-31","N","USTR",1,"USTR Account Profile","Market Value","6.884797776482106",
"USTR3093","2020-12-31","N","USTR",1,"USTR Account Profile","Yield to Worst (%)","2.1414932244633507",
"USTR3093","2020-12-31","N","USTR",1,"USTR Account Profile","Market Value","6.744475186269046",
"USTR3165","2020-12-31","N","USTR",1,"USTR Account Profile","Yield to Worst (%)","1.637065027055836",
"USTR3165","2020-12-31","N","USTR",1,"USTR Account Profile","Market Value","11.017607848955025",
"USTR3218","2020-12-31","N","USTR",1,"USTR Account Profile","Yield to Worst (%)","1.2065010288421274",
"USTR3218","2020-12-31","N","USTR",1,"USTR Account Profile","Market Value","7.44117678719406",
"USTR3219","2020-12-31","N","USTR",1,"USTR Account Profile","Yield to Worst (%)","2.800790957714844",
"USTR3219","2020-12-31","N","USTR",1,"USTR Account Profile","Market Value","15.414301834023696",
"USTR3230","2020-12-31","N","USTR",1,"USTR Account Profile","Yield to Worst (%)","2.1580292656199713",
"USTR3230","2020-12-31","N","USTR",1,"USTR Account Profile","Market Value","6.80384938634787",
"USTR3248","2020-12-31","N","USTR",1,"USTR Account Profile","Yield to Worst (%)","1.4743725843661852",
"USTR3248","2020-12-31","N","USTR",1,"USTR Account Profile","Market Value","7.378443684439463",
"USTR3255","2020-12-31","N","USTR",1,"USTR Account Profile","Yield to Worst (%)","1.2988936407544998",
"USTR3255","2020-12-31","N","USTR",1,"USTR Account Profile","Market Value","8.351978213277294",
"USTR3281","2020-12-31","N","USTR",1,"USTR Account Profile","Yield to Worst (%)","1.6871698852500685",
"USTR3281","2020-12-31","N","USTR",1,"USTR Account Profile","Market Value","11.74957847044162",
"USTR3327","2020-12-31","N","USTR",1,"USTR Account Profile","Yield to Worst (%)","1.9707960707316228",
"USTR3327","2020-12-31","N","USTR",1,"USTR Account Profile","Market Value","6.883936307120884",
"USTR3329","2020-12-31","N","USTR",1,"USTR Account Profile","Yield to Worst (%)","1.6032591015049495",
"USTR3329","2020-12-31","N","USTR",1,"USTR Account Profile","Market Value","11.567301101672976",
"USTR3369","2020-12-31","N","USTR",1,"USTR Account Profile","Yield to Worst (%)","1.761490005512919",
"USTR3369","2020-12-31","N","USTR",1,"USTR Account Profile","Market Value","10.602976128301297",
"USTR3434","2020-12-31","N","USTR",1,"USTR Account Profile","Yield to Worst (%)","1.6212224580627161",
"USTR3434","2020-12-31","N","USTR",1,"USTR Account Profile","Market Value","11.880103547212084",
"USTR346","2020-12-31","N","USTR",1,"USTR Account Profile","Yield to Worst (%)","1.4308130615020058",
"USTR346","2020-12-31","N","USTR",1,"USTR Account Profile","Market Value","7.285208314562961",
"USTR3618","2020-12-31","N","USTR",1,"USTR Account Profile","Yield to Worst (%)","1.6389645694104045",
"USTR3618","2020-12-31","N","USTR",1,"USTR Account Profile","Market Value","9.978377850710002",
"USTR3699","2020-12-31","N","USTR",1,"USTR Account Profile","Yield to Worst (%)","1.4750240419038276",
"USTR3699","2020-12-31","N","USTR",1,"USTR Account Profile","Market Value","10.368171130130529",
"USTR3716","2020-12-31","N","USTR",1,"USTR Account Profile","Yield to Worst (%)","2.785942839809437",
"USTR3716","2020-12-31","N","USTR",1,"USTR Account Profile","Market Value","15.360609610359392",
"USTR3717","2020-12-31","N","USTR",1,"USTR Account Profile","Yield to Worst (%)","1.6958023172203969",
"USTR3717","2020-12-31","N","USTR",1,"USTR Account Profile","Market Value","11.72966894221557",
"USTR3742","2020-12-31","N","USTR",1,"USTR Account Profile","Yield to Worst (%)","1.3833351463440506",
"USTR3742","2020-12-31","N","USTR",1,"USTR Account Profile","Market Value","6.915148318151912",
"USTR3773","2020-12-31","N","USTR",1,"USTR Account Profile","Yield to Worst (%)","2.22487060421151",
"USTR3773","2020-12-31","N","USTR",1,"USTR Account Profile","Market Value","6.812885506183196",
"USTR3774","2020-12-31","N","USTR",1,"USTR Account Profile","Yield to Worst (%)","2.2576132359845005",
"USTR3774","2020-12-31","N","USTR",1,"USTR Account Profile","Market Value","6.692547269267134",
"USTR3841","2020-12-31","N","USTR",1,"USTR Account Profile","Yield to Worst (%)","1.751551362148417",
"USTR3841","2020-12-31","N","USTR",1,"USTR Account Profile","Market Value","12.642170612590473",
"USTR3845","2020-12-31","N","USTR",1,"USTR Account Profile","Yield to Worst (%)","1.6521673007474513",
"USTR3845","2020-12-31","N","USTR",1,"USTR Account Profile","Market Value","12.858995163226638",
"USTR3865","2020-12-31","N","USTR",1,"USTR Account Profile","Yield to Worst (%)","1.8394515822078121",
"USTR3865","2020-12-31","N","USTR",1,"USTR Account Profile","Market Value","13.575079448042388",
"USTR3871","2020-12-31","N","USTR",1,"USTR Account Profile","Yield to Worst (%)","2.338604269025235",
"USTR3871","2020-12-31","N","USTR",1,"USTR Account Profile","Market Value","6.818306315474605",
"USTR3906","2020-12-31","N","USTR",1,"USTR Account Profile","Yield to Worst (%)","0.8700497118810568",
"USTR3906","2020-12-31","N","USTR",1,"USTR Account Profile","Market Value","4.427226602287435",
"USTR3908","2020-12-31","N","USTR",1,"USTR Account Profile","Yield to Worst (%)","0.7374575612376782",
"USTR3908","2020-12-31","N","USTR",1,"USTR Account Profile","Market Value","4.402614240096136",
"USTR3915","2020-12-31","N","USTR",1,"USTR Account Profile","Yield to Worst (%)","1.1040459785290673",
"USTR3915","2020-12-31","N","USTR",1,"USTR Account Profile","Market Value","6.807434512850862",
"USTR3919","2020-12-31","N","USTR",1,"USTR Account Profile","Yield to Worst (%)","1.6761895285780648",
"USTR3919","2020-12-31","N","USTR",1,"USTR Account Profile","Market Value","13.447482010035232",
"USTR3920","2020-12-31","N","USTR",1,"USTR Account Profile","Yield to Worst (%)","1.5833774967542134",
"USTR3920","2020-12-31","N","USTR",1,"USTR Account Profile","Market Value","6.65752369168645",
"USTR402","2020-12-31","N","USTR",1,"USTR Account Profile","Yield to Worst (%)","2.290827660980825",
"USTR402","2020-12-31","N","USTR",1,"USTR Account Profile","Market Value","6.803225390738672",
"USTR4048","2020-12-31","N","USTR",1,"USTR Account Profile","Yield to Worst (%)","1.04002698166",
"USTR4048","2020-12-31","N","USTR",1,"USTR Account Profile","Market Value","2.63952819792",
"USTR4049","2020-12-31","N","USTR",1,"USTR Account Profile","Yield to Worst (%)","1.733443758226452",
"USTR4049","2020-12-31","N","USTR",1,"USTR Account Profile","Market Value","10.199581236583555",
"USTR4079","2020-12-31","N","USTR",1,"USTR Account Profile","Yield to Worst (%)","1.6602433704230501",
"USTR4079","2020-12-31","N","USTR",1,"USTR Account Profile","Market Value","10.458522684132069",
"USTR4089","2020-12-31","N","USTR",1,"USTR Account Profile","Yield to Worst (%)","2.1930782375256457",
"USTR4089","2020-12-31","N","USTR",1,"USTR Account Profile","Market Value","6.803778325332857",
"USTR4090","2020-12-31","N","USTR",1,"USTR Account Profile","Yield to Worst (%)","2.066498826857748",
"USTR4090","2020-12-31","N","USTR",1,"USTR Account Profile","Market Value","6.669444855364024",
"USTR4091","2020-12-31","N","USTR",1,"USTR Account Profile","Yield to Worst (%)","0.140056724499208",
"USTR4091","2020-12-31","N","USTR",1,"USTR Account Profile","Market Value","1.8760209137101391",
"USTR4115","2020-12-31","N","USTR",1,"USTR Account Profile","Yield to Worst (%)","2.163184860231835",
"USTR4115","2020-12-31","N","USTR",1,"USTR Account Profile","Market Value","6.885950161432739",
"USTR4142","2020-12-31","N","USTR",1,"USTR Account Profile","Yield to Worst (%)","1.9606361674420658",
"USTR4142","2020-12-31","N","USTR",1,"USTR Account Profile","Market Value","6.619713731437735",
"USTR415","2020-12-31","N","USTR",1,"USTR Account Profile","Yield to Worst (%)","1.119042226068756",
"USTR415","2020-12-31","N","USTR",1,"USTR Account Profile","Market Value","4.19690064026456",
"USTR416","2020-12-31","N","USTR",1,"USTR Account Profile","Yield to Worst (%)","-1.069302389931432",
"USTR416","2020-12-31","N","USTR",1,"USTR Account Profile","Market Value","12.045613854678296",
"USTR4264","2020-12-31","N","USTR",1,"USTR Account Profile","Yield to Worst (%)","1.894875535649914",
"USTR4264","2020-12-31","N","USTR",1,"USTR Account Profile","Market Value","13.759303854312135",
"USTR4265","2020-12-31","N","USTR",1,"USTR Account Profile","Yield to Worst (%)","1.7945073429373748",
"USTR4265","2020-12-31","N","USTR",1,"USTR Account Profile","Market Value","13.04217190662574",
"USTR4266","2020-12-31","N","USTR",1,"USTR Account Profile","Yield to Worst (%)","1.6849838466041942",
"USTR4266","2020-12-31","N","USTR",1,"USTR Account Profile","Market Value","12.154097164935495",
"USTR4294","2020-12-31","N","USTR",1,"USTR Account Profile","Yield to Worst (%)","1.04002698166",
"USTR4294","2020-12-31","N","USTR",1,"USTR Account Profile","Market Value","2.63952819792",
"USTR4305","2020-12-31","N","USTR",1,"USTR Account Profile","Yield to Worst (%)","1.684644954213099",
"USTR4305","2020-12-31","N","USTR",1,"USTR Account Profile","Market Value","10.711000624167458",
"USTR4306","2020-12-31","N","USTR",1,"USTR Account Profile","Yield to Worst (%)","1.6474799773915445",
"USTR4306","2020-12-31","N","USTR",1,"USTR Account Profile","Market Value","9.510615204932087",
"USTR4327","2020-12-31","N","USTR",1,"USTR Account Profile","Yield to Worst (%)","1.7662421934392545",
"USTR4327","2020-12-31","N","USTR",1,"USTR Account Profile","Market Value","9.999489240675986",
"USTR4372","2020-12-31","N","USTR",1,"USTR Account Profile","Yield to Worst (%)","0.8008634577126602",
"USTR4372","2020-12-31","N","USTR",1,"USTR Account Profile","Market Value","2.68742656067862",
"USTR4378","2020-12-31","N","USTR",1,"USTR Account Profile","Yield to Worst (%)","2.8474964689345095",
"USTR4378","2020-12-31","N","USTR",1,"USTR Account Profile","Market Value","15.045948090854017",
"USTR4405","2020-12-31","N","USTR",1,"USTR Account Profile","Yield to Worst (%)","1.806293813473763",
"USTR4405","2020-12-31","N","USTR",1,"USTR Account Profile","Market Value","13.863851345643408",
"USTR4412","2020-12-31","N","USTR",1,"USTR Account Profile","Yield to Worst (%)","1.673462459102252",
"USTR4412","2020-12-31","N","USTR",1,"USTR Account Profile","Market Value","11.420243502570926",
"USTR4419","2020-12-31","N","USTR",1,"USTR Account Profile","Yield to Worst (%)","1.8094831710899422",
"USTR4419","2020-12-31","N","USTR",1,"USTR Account Profile","Market Value","6.669148737395602",
"USTR4429","2020-12-31","N","USTR",1,"USTR Account Profile","Yield to Worst (%)","1.8969141465210286",
"USTR4429","2020-12-31","N","USTR",1,"USTR Account Profile","Market Value","6.637160299978524",
"USTR4430","2020-12-31","N","USTR",1,"USTR Account Profile","Yield to Worst (%)","0.999421119264837",
"USTR4430","2020-12-31","N","USTR",1,"USTR Account Profile","Market Value","4.394301094173649",
"USTR486","2020-12-31","N","USTR",1,"USTR Account Profile","Yield to Worst (%)","1.7104841483067066",
"USTR486","2020-12-31","N","USTR",1,"USTR Account Profile","Market Value","6.665503603589521",
"USTR683","2020-12-31","N","USTR",1,"USTR Account Profile","Yield to Worst (%)","0.36814985828260827",
"USTR683","2020-12-31","N","USTR",1,"USTR Account Profile","Market Value","1.746815097010666",
"USTR69","2020-12-31","N","USTR",1,"USTR Account Profile","Yield to Worst (%)","1.6396769670941609",
"USTR69","2020-12-31","N","USTR",1,"USTR Account Profile","Market Value","7.002172765340651",
"USTR70","2020-12-31","N","USTR",1,"USTR Account Profile","Yield to Worst (%)","1.5237141832280896",
"USTR70","2020-12-31","N","USTR",1,"USTR Account Profile","Market Value","6.897279551290258",
"USTR72","2020-12-31","N","USTR",1,"USTR Account Profile","Yield to Worst (%)","0.8405745914994285",
"USTR72","2020-12-31","N","USTR",1,"USTR Account Profile","Market Value","2.7348547187531",
"USTR76","2020-12-31","N","USTR",1,"USTR Account Profile","Yield to Worst (%)","1.5086494455519974",
"USTR76","2020-12-31","N","USTR",1,"USTR Account Profile","Market Value","8.615759060733769",
"USTR765","2020-12-31","N","USTR",1,"USTR Account Profile","Yield to Worst (%)","0.32810026194755637",
"USTR765","2020-12-31","N","USTR",1,"USTR Account Profile","Market Value","3.947884936218671",
"USTR81","2020-12-31","N","USTR",1,"USTR Account Profile","Yield to Worst (%)","2.772278590090556",
"USTR81","2020-12-31","N","USTR",1,"USTR Account Profile","Market Value","15.569366649168613",
"USTR855","2020-12-31","N","USTR",1,"USTR Account Profile","Yield to Worst (%)","0.140795636957197",
"USTR855","2020-12-31","N","USTR",1,"USTR Account Profile","Market Value","1.8450466065605557",
"USTR89","2020-12-31","N","USTR",1,"USTR Account Profile","Yield to Worst (%)","0.35795279325993945",
"USTR89","2020-12-31","N","USTR",1,"USTR Account Profile","Market Value","4.089022030808633",
"USTR908","2020-12-31","N","USTR",1,"USTR Account Profile","Yield to Worst (%)","2.2222517107766566",
"USTR908","2020-12-31","N","USTR",1,"USTR Account Profile","Market Value","15.656621477374905",
"USTR95","2020-12-31","N","USTR",1,"USTR Account Profile","Yield to Worst (%)","0.6550740506423173",
"USTR95","2020-12-31","N","USTR",1,"USTR Account Profile","Market Value","4.310914720204567",
"USTR999","2020-12-31","N","USTR",1,"USTR Account Profile","Yield to Worst (%)","0.25635576808168453",
"USTR999","2020-12-31","N","USTR",1,"USTR Account Profile","Market Value","1.8984059071510297",
